"","condition","mean(prop_tracked_data)","min(prop_tracked_data)","max(prop_tracked_data)","mean(median_err)"
"1","bp",0.891355679558789,0.477642980935875,0.998990918264379,11.8702972125238
"2","np",0.861242487881702,0.0606334841628959,0.999165507649513,10.589988252773
"3","op",0.860588777384138,0.324004305705059,0.998974358974359,11.9228579132558
"4","sp",0.870743869371763,0.155492730210016,0.999004314636575,11.927607502862
